site_id,address
3,"2888 BRICE ROAD, COLUMBUS, OH, 43232"
4,"2700 RAINIER AVENUE SOUTH, SEATTLE, WA, 98144"
5,"4817 NORTH KICKAPOO AVE, SHAWNEE, OK, 74804"
8,"201 CONLEY RD, COLUMBIA, MO, 65201"
9,"2168 US 68 SOUTH, BELLEFONTAINE, OH, 43311"
10,"101 ANDOVER PARK EAST, TUKWILA, WA, 98188"
12,"100 NORTH CREASY LANE, LAFAYETTE, IN, 47905"
15,"1055 W. ANTELOPE DRIVE, LAYTON, UT, 84041"
16,"550 ISLAND FORD RD., MADISONVILLE, KY, 42431"
18,"901 W APPLEWAY AVE, COEUR D ALENE, ID, 83814"
19,"1952 NORTH STATE, RT. 53, FREMONT, OH, 43420"
22,"1755 QUENTIN ROAD, LEBANON, PA, 17042"
26,"2701 SOUTH ORCHARD STREET, TACOMA, WA, 98466"
28,"3620 EMMETT F. LOWRY EXPWAY, TEXAS CITY, TX, 77590"
31,"1415 7TH AVE. EAST, HENDERSONVILLE, NC, 28792"
33,"955 BULLSBORO DR, NEWNAN, GA, 30265"
35,"1717 FREEWAY DRIVE, MOUNT VERNON, WA, 98273"
37,"3600 PARK MILL RUN DR., HILLIARD, OH, 43026"
42,"5252 SALEM AVE., TROTWOOD, OH, 45426"
44,"4115 MALL DRIVE, STEUBENVILLE, OH, 43952"
46,"1300 MALL DRIVE, BENTON HARBOR, MI, 49022"
52,"3636 N VERMILION, DANVILLE, IL, 61832"
53,"4430 ILLINOIS RD., FORT WAYNE, IN, 46804"
56,"14873 CARMENITA ROAD, NORWALK, CA, 90650"
57,"3435 AGENCY, BURLINGTON, IA, 52601"
586,"585, RUE DE TOURAINE, BOUCHERVILLE, QC, J4B 5E4"
59,"2050 SYCAMORE RD., DEKALB, IL, 60115"
61,"3300 169TH PLACE NE, ARLINGTON, WA, 98223"
63,"3315 NORTH LOOP 250 W., MIDLAND, TX, 79707"
66,"111 DAVIDSON AVE., MOUNT VERNON, IL, 62864"
69,"6122 B DRIVE NORTH, BATTLE CREEK, MI, 49014"
71,"2219 RIETH BLVD., GOSHEN, IN, 46526"
72,"3500 NORTH 14TH ST., PONCA CITY, OK, 74601"
75,"3301 KELL BLVD., WICHITA FALLS, TX, 76308"
77,"5500 MILAN RD. - SPACE 304, SANDUSKY, OH, 44870"
80,"1904 NORTH PROSPECT AVE., CHAMPAIGN, IL, 61822"
82,"3501 SOUTH MEDFORD, LUFKIN, TX, 75901"
86,"3565 HOLLAND ROAD, VIRGINIA BEACH, VA, 23452"
88,"1369 DIVISION ST., ADRIAN, MI, 49221"
89,"2850-I CENTRE DRIVE, FAIRBORN, OH, 45324"
90,"5301 SHERWOOD WAY, SAN ANGELO, TX, 76904"
91,"1800 SOUTH PARKWAY, CORINTH, MS, 38834"
92,"531 WEST CARL SANDBURG DR, GALESBURG, IL, 61401"
95,"4120 DOWLEN ROAD, BEAUMONT, TX, 77706"
97,"5002 GARTH RD., BAYTOWN, TX, 77521"
98,"19935 KATY FREEWAY, HOUSTON, TX, 77094"
102,"1701 SOUTH HAVANA STREET, AURORA, CO, 80012"
103,"3225 FREEDOM BLVD., BRYAN, TX, 77802"
104,"3820 44TH AVENUE DR., MOLINE, IL, 61265"
107,"3955 ELMORE AVE., DAVENPORT, IA, 52807"
110,"50421 VALLEY PLAZA DR, SAINT CLAIRSVILLE, OH, 43950"
113,"1512 WEST KOGER CENTER DR., NORTH CHESTERFIELD, VA, 23235"
116,"4401 WEST CLARA LANE, MUNCIE, IN, 47304"
117,"4100 DODGE ST., DUBUQUE, IA, 52003"
118,"860 N KINZIE AVE, BRADLEY, IL, 60915"
119,"805 LUMIAINA STREET, WAIPAHU, HI, 96797"
120,"203 SARAH WAY, BELLE VERNON, PA, 15012"
124,"2901 EAST SHAWNEE, MUSKOGEE, OK, 74403"
126,"1929 NORTH COLISEUM BLVD., FORT WAYNE, IN, 46805"
127,"2801 N US HIGHWAY 75, SHERMAN, TX, 75090"
129,"201 NORTH NEW ROAD, WACO, TX, 76710"
137,"200 HWY. 332 EAST, LAKE JACKSON, TX, 77566"
138,"4134 RIDGEMONT DR., ABILENE, TX, 79606"
139,"3000 GLIMCHER BLVD., HERMITAGE, PA, 16148"
140,"1625 11TH AVENUE NW, ISSAQUAH, WA, 98027"
145,"8440 MICHIGAN RD., INDIANAPOLIS, IN, 46268"
146,"1535 BOARDMAN ROAD, JACKSON, MI, 49202"
149,"2505 PACIFIC AVENUE, EVERETT, WA, 98201"
152,"1200 WALLA WALLA AVENUE, WENATCHEE, WA, 98801"
159,"2211 IH 35 SOUTH, SAN MARCOS, TX, 78666"
165,"500 MORAINE POINT PLAZA, BUTLER, PA, 16001"
167,"5001 NORTH BIG HOLLOW RD, PEORIA, IL, 61615"
168,"1495 MAIN ST., HAMILTON, OH, 45013"
172,"E. 5204 SPRAGUE AVENUE, SPOKANE, WA, 99212"
174,"501 WALTON DRIVE, TEXARKANA, TX, 75501"
175,"630 SOLOMON RUN RD., JOHNSTOWN, PA, 15904"
177,"24065 HIGHWAY 80 EAST, STATESBORO, GA, 30461"
178,"140 WEST UNIVERSITY PARKWAY, OREM, UT, 84058"
179,"3463 NW BASCOM NORRIS DRIVE, LAKE CITY, FL, 32055"
180,"6210 STATE ROUTE 30, GREENSBURG, PA, 15601"
181,"1675 GEORGESVILLE SQ. DR., COLUMBUS, OH, 43228"
183,"1255 S LOOP 288, DENTON, TX, 76205"
186,"10303 SOUTH MALL DR., BATON ROUGE, LA, 70809"
187,"79 MATTHEW DRIVE, UNIONTOWN, PA, 15401"
188,"1100 DORAL DR., YOUNGSTOWN, OH, 44514"
190,"301 MARKET PLACE BLVD, CARTERSVILLE, GA, 30121"
191,"7130 EAST STATE RD, ROCKFORD, IL, 61108"
195,"5200 FRANKLIN STREET, MICHIGAN CITY, IN, 46360"
197,"475 BEN FRANKLIN RD. SOUTH, INDIANA, PA, 15701"
199,"2035 EAST SHERMAN BLVD., MUSKEGON, MI, 49444"
200,"4660 GRAPE RD, MISHAWAKA, IN, 46545"
202,"225 SYCAMORE RD., VESTAL, NY, 13850"
203,"2900 MARTIN'S DRIVE, WEST CARROLLTON, OH, 45449"
205,"5201 W GARRIOTT RD, ENID, OK, 73703"
207,"6300 WILMINGTON PIKE, CENTERVILLE, OH, 45459"
208,"78-865 HIGHWAY 111, LA QUINTA, CA, 92253"
209,"2801 SOUTH W.S. YOUNG DR, KILLEEN, TX, 76542"
210,"3755 FRAZEYSBURG RD., ZANESVILLE, OH, 43701"
211,"2842 SOUTH WESTERN AVE., MARION, IN, 46953"
212,"151 EAST I-65 SERVICE ROAD SOUTH, MOBILE, AL, 36606"
215,"4701 SOUTH US HWY. 41, TERRE HAUTE, IN, 47802"
220,"1171 DILLON RD, LOUISVILLE, CO, 80027"
221,"605 SW H.K. DODGEN LOOP, TEMPLE, TX, 76502"
222,"6375 STRIP AVE., N.W., NORTH CANTON, OH, 44720"
223,"40 MARKET STREET, GAITHERSBURG, MD, 20878"
224,"646 MIDWAY BLVD., ELYRIA, OH, 44035"
226,"1930 KEYSTONE DR. UNIT 2, ERIE, PA, 16509"
231,"1831 NORTH CLINTON ST., DEFIANCE, OH, 43512"
232,"1920 WESTVIEW BLVD., CONROE, TX, 77304"
235,"3011 PARKWAY EAST, RUSSELLVILLE, AR, 72802"
236,"1325 HIGHWAY 64 W, CONWAY, AR, 72032"
240,"6110 20TH ST., VERO BEACH, FL, 32966"
241,"1616 NORTH PERKINS RD., STILLWATER, OK, 74075"
242,"901 VIEWMONT DR., DICKSON CITY, PA, 18519"
243,"10156 E 71ST ST, TULSA, OK, 74133"
244,"940 NILES CORTLAND RD SE, WARREN, OH, 44484"
245,"990 HICKORY POINT PLAZA, FORSYTH, IL, 62535"
246,"261 WEST 104TH AVENUE, NORTHGLENN, CO, 80234"
247,"8001 BROOK RD., RICHMOND, VA, 23227"
248,"3601 CRATER LAKE HIGHWAY, MEDFORD, OR, 97504"
249,"N 1020 COLORADO STREET, KENNEWICK, WA, 99336"
250,"22255 WESTERN AVE, TORRANCE, CA, 90501"
252,"12525 AURORA AVENUE NORTH, SEATTLE, WA, 98133"
255,"2411 NORTH EASTOWN RD., LIMA, OH, 45807"
264,"940 N LEXINGTON SPRING MILL RD, MANSFIELD, OH, 44906"
265,"4141 MORSE CROSSING, COLUMBUS, OH, 43219"
268,"100 W I 240 SERVICE RD, OKLAHOMA CITY, OK, 73139"
269,"495 MILL ROAD, NEW PHILADELPHIA, OH, 44663"
270,"5000 SOUTH COULTER ST., AMARILLO, TX, 79119"
271,"5022 WEST LOOP 289, LUBBOCK, TX, 79424"
272,"8801 EAST 25TH ST., INDIANAPOLIS, IN, 46219"
275,"975 BEACHWAY DRIVE, INDIANAPOLIS, IN, 46224"
278,"2600 S RANGE LINE RD, JOPLIN, MO, 64804"
279,"500 MADISON AVENUE, READING, PA, 19605"
281,"1301 BOLL WEEVIL CIRCLE, ENTERPRISE, AL, 36330"
282,"8602 NORTH NAVARRO ST., VICTORIA, TX, 77904"
285,"3100 196TH SW, LYNNWOOD, WA, 98036"
288,"8002 NORTH SHADELAND AVE., INDIANAPOLIS, IN, 46250"
289,"333 EAST TUDOR ROAD, ANCHORAGE, AK, 99503"
292,"200 WEIS LANE, WEST HAZLETON, PA, 18202"
298,"1175 ROMBACH AVE., WILMINGTON, OH, 45177"
303,"3125 TOWNE BOULEVARD, MIDDLETOWN, OH, 45044"
305,"3901 N. BELT HWY., SAINT JOSEPH, MO, 64506"
311,"9100 EAST PEAKVIEW AVENUE, GREENWOOD VILLAGE, CO, 80111"
313,"1717 CHEROKEE AVE., SW, CULLMAN, AL, 35055"
316,"13251 PEYTON DRIVE, CHINO HILLS, CA, 91709"
317,"3440 LOWES DRIVE, CAPE GIRARDEAU, MO, 63701"
318,"1225 W US HIGHWAY 50, PUEBLO, CO, 81008"
319,"2717 KING AVENUE WEST, BILLINGS, MT, 59102"
321,"5075 KIETZKE LANE, RENO, NV, 89511"
330,"12635 FELCH ST., SUITE 10, HOLLAND, MI, 49424"
340,"5405 WADSWORTH BYPASS, ARVADA, CO, 80002"
342,"469 WEST 4500 SOUTH, MURRAY, UT, 84123"
351,"2205 SE ADAMS BLVD., BARTLESVILLE, OK, 74006"
356,"701 N LOYALSOCK AVE, MONTOURSVILLE, PA, 17754"
357,"4005 SOUTH LAFOUNTAIN, KOKOMO, IN, 46902"
358,"1207 N. MAIN ST., SUMMERVILLE, SC, 29483"
377,"10625 MCMULLEN CREEK PARKWAY, CHARLOTTE, NC, 28226"
381,"9490 WEST BROAD ST., RICHMOND, VA, 23294"
385,"390 HARBISON BLVD., COLUMBIA, SC, 29212"
387,"3001 BATTLEGROUND AVE., GREENSBORO, NC, 27408"
388,"1929 SKIBO SQUARE, FAYETTEVILLE, NC, 28314"
390,"5025 OLD HICKORY BLVD., HERMITAGE, TN, 37076"
397,"7500 BROKEN BRANCH LANE, MANASSAS, VA, 20109"
402,"2525 CRAIN HWY, WALDORF, MD, 20601"
403,"11114 ABERCORN ST., SAVANNAH, GA, 31419"
404,"1703 SOUTH FORTY DR., GREENSBORO, NC, 27407"
408,"1100 CHANCELLOR PARK DR., CHARLOTTE, NC, 28213"
410,"1160 SEABOARD ST., MYRTLE BEACH, SC, 29577"
411,"10050 S. MEMORIAL PKWY, HUNTSVILLE, AL, 35803"
413,"10 E CAMPBELL RD, MADISON, TN, 37115"
414,"2111 FAIR PARK BLVD., JONESBORO, AR, 72401"
415,"2449 E. MARKET ST, YORK, PA, 17402"
416,"1350 SPRINGDALE ROAD, ROCK HILL, SC, 29730"
417,"2121 NE CAPITAL CIRCLE, TALLAHASSEE, FL, 32308"
419,"5040 RUTGERS ST., NW, ROANOKE, VA, 24012"
420,"300 CHATHAM DRIVE, NEWPORT NEWS, VA, 23602"
422,"1850 E. PRIMROSE, SPRINGFIELD, MO, 65804"
423,"4900 OSCAR BAXTER DR., TUSCALOOSA, AL, 35405"
424,"2606 NORTH SALISBURY BLVD., SALISBURY, MD, 21801"
425,"2180 GUNBARREL RD., CHATTANOOGA, TN, 37421"
426,"2000 WALNUT ST, CARY, NC, 27518"
428,"2710 ALKAY DRIVE, SHREVEPORT, LA, 71118"
432,"1050 ZION RD, FAYETTEVILLE, AR, 72703"
433,"7441 TWO NOTCH ROAD, COLUMBIA, SC, 29223"
434,"1514 SKELTON ROAD, GAINESVILLE, GA, 30504"
435,"183 CASSADY BLVD., PIKEVILLE, KY, 41501"
436,"935 HANES MALL BLVD., WINSTON-SALEM, NC, 27103"
437,"8216 TIMBERLAKE ROAD, LYNCHBURG, VA, 24502"
438,"1201 AIRPORT BLVD., PENSACOLA, FL, 32504"
439,"1308 BATTLEFIELD BLVD N, CHESAPEAKE, VA, 23320"
440,"3535 SW 36TH AVE., OCALA, FL, 34474"
441,"1950 EASTERN BLVD., MONTGOMERY, AL, 36117"
442,"8850 MADISON AVE, INDIANAPOLIS, IN, 46227"
444,"4601 CAPITAL BLVD., RALEIGH, NC, 27604"
445,"354 SOUTH COLLEGE RD., WILMINGTON, NC, 28403"
446,"1707 MCMAHON RD., ALTOONA, PA, 16602"
447,"350 PEPPERS FERRY RD NE, CHRISTIANSBURG, VA, 24073"
448,"300 EAST 23RD ST., PANAMA CITY, FL, 32405"
449,"1120 EAST DIXIE DR, ASHEBORO, NC, 27203"
450,"4750 FRONTAGE RD, MONROE, LA, 71202"
451,"150 AMERICAN AVE, BOWLING GREEN, KY, 42104"
452,"16301 HERITAGE BLVD., BOWIE, MD, 20716"
453,"1601 N. BECHTLE AVE., SPRINGFIELD, OH, 45504"
454,"700 MALL ROAD, BARBOURSVILLE, WV, 25504"
455,"294 COUNTY ROAD 120 S., SOUTH POINT, OH, 45680"
457,"3250 EAST FRANKLIN BLVD., GASTONIA, NC, 28056"
458,"140 NORTH POINTE BLVD., STATESVILLE, NC, 28625"
459,"2600 NORTH MAIN ST., HIGH POINT, NC, 27265"
460,"100 LOWE'S DRIVE, ELIZABETHTOWN, KY, 42701"
461,"9460 CORTANA PLACE, BATON ROUGE, LA, 70815"
462,"8001 ROGERS AVE., FORT SMITH, AR, 72903"
463,"5720 SOUTH BROADWAY, TYLER, TX, 75703"
464,"1221 BY-PASS ROAD, WINCHESTER, KY, 40391"
465,"5176 HINKLEVILLE RD., PADUCAH, KY, 42001"
466,"2151 JOHN HILL BLVD., GULFPORT, MS, 39501"
467,"901 SAXON BLVD., ORANGE CITY, FL, 32763"
468,"1211 NATIONAL HWY., LAVALE, MD, 21502"
469,"6068 CALHOUN MEM. HWY., EASLEY, SC, 29640"
470,"100 LINER COVE ROAD, WAYNESVILLE, NC, 28786"
471,"1500 WESEL BLVD., HAGERSTOWN, MD, 21740"
472,"867 NORTH BRIDGE ST., CHILLICOTHE, OH, 45601"
473,"1300 GRAND CENTRAL AVE., VIENNA, WV, 26105"
474,"501 S. HURSTBOURNE PKWY, LOUISVILLE, KY, 40222"
476,"1361 CARL D. SILVER PKWY, FREDERICKSBURG, VA, 22401"
477,"7915 OHIO RIVER RD., WHEELERSBURG, OH, 45694"
478,"692 S. ANDY GRIFFITH PKY, STE100, MOUNT AIRY, NC, 27030"
479,"774 BEAL PKWY NW, FORT WALTON BEACH, FL, 32547"
480,"5901 UNIVERSITY PKWY., WINSTON-SALEM, NC, 27105"
481,"130 COX CREEK PKWY SOUTH, FLORENCE, AL, 35630"
482,"224 BOBBY JONES EXP., AUGUSTA, GA, 30907"
483,"2704 WATSON BLVD., WARNER ROBINS, GA, 31093"
484,"3726 AMBASSADOR CAFFERY, LAFAYETTE, LA, 70503"
485,"2215 BATTLEFIELD PKWY, FORT OGLETHORPE, GA, 30742"
486,"210 N. PETERS RD., KNOXVILLE, TN, 37923"
487,"1801 FORDHAM BOULEVARD, CHAPEL HILL, NC, 27514"
488,"1575 US HWY 70 WEST, GARNER, NC, 27529"
489,"16830 STATESVILLE RD., HUNTERSVILLE, NC, 28078"
490,"130 LOWE'S BLVD., LEXINGTON, NC, 27292"
491,"1200 NORTH WESTOVER BLVD., ALBANY, GA, 31707"
492,"350 LEONARDWOOD RD., FRANKFORT, KY, 40601"
493,"1170 RENDLEMAN RD, CARBONDALE, IL, 62901"
494,"777 W CUMBERLAND GAP PKY, CORBIN, KY, 40701"
495,"207 FAITH ROAD, SALISBURY, NC, 28146"
496,"671 VANN DRIVE, JACKSON, TN, 38305"
497,"7555 NORTHWOOD BLVD., NORTH CHARLESTON, SC, 29406"
498,"2150 LOWES DRIVE, CLARKSVILLE, TN, 37040"
499,"2829 AUGUSTA RD, WEST COLUMBIA, SC, 29170"
500,"115 WAGNER RD., MONACA, PA, 15061"
501,"19580 STATE HWY. 249, HOUSTON, TX, 77070"
502,"4040 OLDFIELD CROSSING DR., JACKSONVILLE, FL, 32223"
503,"9525 REGENCY SQUARE BLVD N, JACKSONVILLE, FL, 32225"
504,"4660 SOUTH ST., TITUSVILLE, FL, 32780"
505,"5001 CENTRAL EXPY, PLANO, TX, 75023"
506,"1851 EPPS BRIDGE RD., ATHENS, GA, 30606"
507,"200 OLD TODDS ROAD, LEXINGTON, KY, 40509"
508,"125 HUFFMAN MILL RD., BURLINGTON, NC, 27215"
509,"201 LINDA LANE, HARRISONBURG, VA, 22802"
510,"4444 N. GALLOWAY AVE., MESQUITE, TX, 75150"
511,"16510 S. W. FREEWAY, SUGAR LAND, TX, 77479"
512,"3505 MT. ZION RD., STOCKBRIDGE, GA, 30281"
513,"8520 SOUTH HAMPTON RD., DALLAS, TX, 75232"
514,"920 NORTH BURLESON BLVD., BURLESON, TX, 76028"
515,"11920 INWOOD RD., DALLAS, TX, 75244"
516,"5611 BUCKEYSTOWN PIKE, FREDERICK, MD, 21704"
517,"400 WOODBROOK DRIVE, CHARLOTTESVILLE, VA, 22901"
518,"513 BYPASS 72 NW, GREENWOOD, SC, 29649"
519,"3313 NORTH FOURTH, LONGVIEW, TX, 75605"
520,"1000 WEST ARBROOK, ARLINGTON, TX, 76015"
521,"1621 SOUTHWEST ARVONIA PLACE, TOPEKA, KS, 66615"
522,"4000 UNION DEPOSIT RD., HARRISBURG, PA, 17109"
523,"710 HORATIO STREET, UTICA, NY, 13502"
524,"901 FRANK SOTTILE BLVD., KINGSTON, NY, 12401"
525,"4305 BRYANT IRVIN ROAD, FORT WORTH, TX, 76132"
526,"95 SMOKEY PARK HWY, ASHEVILLE, NC, 28806"
527,"2240 LOWES DRIVE, LANCASTER, OH, 43130"
528,"3958 GRANDVIEW DRIVE, SIMPSONVILLE, SC, 29680"
529,"3354 NORTH GLOSTER ST., TUPELO, MS, 38804"
530,"913 COUNTY RD, RT 64, ELMIRA, NY, 14903"
531,"1717 EAST WEST CONNECTOR, AUSTELL, GA, 30106"
532,"3060 MALLORY LANE, FRANKLIN, TN, 37067"
533,"770 GRAPEVINE HWY., HURST, TX, 76054"
534,"10235 COLERAIN AVE., CINCINNATI, OH, 45251"
535,"2400 W. MEMORIAL RD., OKLAHOMA CITY, OK, 73134"
537,"6004 US HIGHWAY 98, HATTIESBURG, MS, 39402"
538,"10845 US 15-501 HWY, SOUTHERN PINES, NC, 28387"
539,"1104 MARKET CENTER BLVD., MOUNT PLEASANT, SC, 29464"
540,"700 NORTH GALLERIA DRIVE, MIDDLETOWN, NY, 10941"
541,"1941 SOUTH ROAD, POUGHKEEPSIE, NY, 12601"
542,"9380 S MASON MONTGOMERY RD, MASON, OH, 45040"
543,"575 MOLLY LANE, WOODSTOCK, GA, 30189"
545,"2650 DALLAS HWY. S.W., MARIETTA, GA, 30064"
546,"3190 MACON TECH DR., MACON, GA, 31206"
547,"700 N. WESLEYAN BLVD., ROCKY MOUNT, NC, 27804"
548,"2431 N. MAIN, CROSSVILLE, TN, 38555"
549,"7760 AIRPORT BLVD., MOBILE, AL, 36608"
550,"1253 EAST TRINITY MILLS RD, CARROLLTON, TX, 75006"
551,"1051 N STEMMONS FWY, LEWISVILLE, TX, 75067"
552,"1700 50TH ST., WEST DES MOINES, IA, 50266"
553,"PA RT 61 AND ANN STREET, POTTSVILLE, PA, 17901"
554,"4800 HOUSTON ROAD, FLORENCE, KY, 41042"
555,"15555 FM529, HOUSTON, TX, 77095"
556,"1255 WESTERN BLVD., JACKSONVILLE, NC, 28546"
557,"1202 N BERKELEY BLVD, GOLDSBORO, NC, 27534"
558,"2001 SOUTH HWY. 27, SOMERSET, KY, 42501"
559,"2896 NORTH ROAD HWY 178, ORANGEBURG, SC, 29118"
560,"10 LOWE'S DRIVE, SARATOGA SPRINGS, NY, 12866"
561,"299 GRANT AVENUE RD, AUBURN, NY, 13021"
562,"2258 TITTABAWASEE RD., SAGINAW, MI, 48604"
563,"20201 N. IH45, SPRING, TX, 77388"
564,"6275 W. WATERS AVE., TAMPA, FL, 33634"
566,"1400 LOWE'S BOULEVARD, NEW BERN, NC, 28562"
567,"901 VENTURE DRIVE, MORGANTOWN, WV, 26508"
568,"777 MARKET STREET, WESTMINSTER, MD, 21157"
569,"9540 US HWY 441, LEESBURG, FL, 34788"
573,"11375 CAUSEWAY BLVD., BRANDON, FL, 33511"
575,"1918 AIRPORT RD., MIDLAND, MI, 48642"
576,"117 WILLIAM PENN PLAZA, DURHAM, NC, 27704"
577,"3101 S. MCKENZIE HWY.59, FOLEY, AL, 36535"
578,"510 NEAL STREET, COOKEVILLE, TN, 38501"
579,"2744 WEST ANDREW JOHNSON HWY, MORRISTOWN, TN, 37814"
580,"375 STATE FARM PKWY, HOMEWOOD, AL, 35209"
581,"120 AIRPORT RD., AMES, IA, 50010"
582,"14960 S. TAMIAMI TRAIL, FORT MYERS, FL, 33912"
586,"3201 INDUSTRIAL ST., ALEXANDRIA, LA, 71301"
587,"1450 N. DUPONT HIGHWAY, DOVER, DE, 19901"
588,"91 NORMAN MORGAN BLVD, LOGAN, WV, 25601"
589,"2800 DEREK DRIVE, LAKE CHARLES, LA, 70607"
590,"13201 N RANCH RD 620, BLDG G, AUSTIN, TX, 78717"
591,"1619 HOMER ADAMS PKWY., ALTON, IL, 62002"
592,"1651 NE PINE ISLAND RD., CAPE CORAL, FL, 33909"
593,"115 FOXON BLVD., NEW HAVEN, CT, 06513"
594,"1885 EDWARDS LAKE RD., BIRMINGHAM, AL, 35235"
595,"509 RIVER HWY, MOORESVILLE, NC, 28117"
596,"1592 MARTIN LUTHER KING BLVD., HOUMA, LA, 70360"
597,"300 CORNER STONE BLVD., HOT SPRINGS, AR, 71913"
598,"800 THOMAS LANGSTON RD., WINTERVILLE, NC, 28590"
599,"2601 WEIR PLACE, CHESTER, VA, 23831"
603,"214 U.S. HWY. #17 NORTH, NORTH MYRTLE BEACH, SC, 29582"
604,"110 N. STATE ROAD 434, ALTAMONTE SPRINGS, FL, 32714"
605,"3570 HUDSON DRIVE, STOW, OH, 44224"
606,"2671 ROSS CLARK CIRCLE, DOTHAN, AL, 36301"
607,"4055 NICHOLS PARK DR., LEXINGTON, KY, 40503"
609,"7001 WINTERPOCK RD., CHESTERFIELD, VA, 23832"
610,"851 N. STEGER TOWN DR, ROCKWALL, TX, 75032"
611,"2949 N GEORGE BUSH FREEWAY, GARLAND, TX, 75040"
612,"425 EARL ROAD, SHELBY, NC, 28150"
613,"6415 NAPLES BLVD., NAPLES, FL, 34109"
614,"333 SOUTH RIDGE RD., WICHITA, KS, 67209"
615,"10580 DUKE DR, ALPHARETTA, GA, 30009"
616,"1000 NITRO MARKETPLACE, CROSS LANES, WV, 25143"
617,"89 SOUTH TUNNEL ROAD, ASHEVILLE, NC, 28805"
618,"120 EAST GLORIA SWITCH RD, LAFAYETTE, LA, 70507"
619,"5219 HWY. 70, MOREHEAD CITY, NC, 28557"
620,"2100 VALLEYDALE ROAD, HOOVER, AL, 35244"
622,"3100 BRANDYWINE PKWY 1ST FLOOR, WILMINGTON, DE, 19803"
623,"3270 BERLIN TURNPIKE, NEWINGTON, CT, 06111"
624,"5900 BALTIMORE NATIONAL PIKE, BALTIMORE, MD, 21228"
625,"4831 GROVE BARTON RD, RALEIGH, NC, 27613"
626,"1251 BROAD STREET, SUMTER, SC, 29150"
627,"14725 APPLE HARVEST DRIVE, MARTINSBURG, WV, 25401"
628,"310 EISENHOWER DR., HANOVER, PA, 17331"
629,"7034 CHARLOTTE PIKE, NASHVILLE, TN, 37209"
630,"6716 OAK GROVE ROAD, EVANSVILLE, IN, 47715"
631,"6650 RITCHIE HWY. RT 2, GLEN BURNIE, MD, 21061"
632,"801 EAST ROCHAMBEAU DR, WILLIAMSBURG, VA, 23188"
633,"186 N. CLEVELAND-MASSILLON RD, AKRON, OH, 44333"
634,"350 NORTH GATES DR., BLOOMINGTON, IN, 47404"
635,"6002 NORTH RURAL STREET, INDIANAPOLIS, IN, 46220"
636,"6750 VETERANS PKWY., COLUMBUS, GA, 31909"
637,"6600 CLINTON HWY., KNOXVILLE, TN, 37912"
638,"1098 HUNTER'S CROSSING DRIVE, ALCOA, TN, 37701"
639,"2470 WHISKEY RD., AIKEN, SC, 29803"
640,"4855 STONE MOUNTAIN HWY, LILBURN, GA, 30047"
641,"251 QUAKER RD., QUEENSBURY, NY, 12804"
642,"8700 W. COLONIAL DR., ORLANDO, FL, 32818"
643,"6211 N. ILLINOIS, FAIRVIEW HEIGHTS, IL, 62208"
644,"1389 NORTH SUSQUEHANNA TRAIL, SELINSGROVE, PA, 17870"
645,"2350 MARKETPLACE DRIVE, ROCHESTER, NY, 14623"
646,"1028D RICHMOND RD., STAUNTON, VA, 24401"
647,"1230 N. BRIGHTLEAF BLVD., SMITHFIELD, NC, 27577"
649,"229 PAUL HUFF PARKWAY N.W., CLEVELAND, TN, 37312"
650,"246 NEW BRITAIN AVENUE, PLAINVILLE, CT, 06062"
651,"19225 GULF FREEWAY, WEBSTER, TX, 77598"
652,"501 ARENA HUB PLAZA, WILKES BARRE, PA, 18702"
653,"1717 ROUTE 228, CRANBERRY TOWNSHIP, PA, 16066"
654,"103 S STATE ROAD 7, ROYAL PALM BEACH, FL, 33414"
655,"3125 GLENN MCCONNELL PKWY, CHARLESTON, SC, 29414"
656,"2200 S. PLEASANT VALLEY RD, WINCHESTER, VA, 22601"
657,"415 FULTON DRIVE, OWENSBORO, KY, 42303"
658,"20364 PLANTATIONS ROAD, LEWES, DE, 19958"
659,"1825 OLD FORT PARKWAY, MURFREESBORO, TN, 37129"
660,"1560 BOSTON ROAD, SPRINGFIELD, MA, 01129"
661,"770 DANIEL ELLIS DR., CHARLESTON, SC, 29412"
662,"1955 BUFORD MILL DR., BUFORD, GA, 30519"
663,"7920 HWY 72 WEST, MADISON, AL, 35758"
664,"4224 VALLEY AVENUE, ROANOKE, VA, 24018"
665,"19210 PRESTON RD., DALLAS, TX, 75252"
667,"1370 W WADE HAMPTON BLVD, GREER, SC, 29650"
668,"360 EAST MAIN ST., HENDERSONVILLE, TN, 37075"
670,"2800 WEST SANDLAKE RD, ORLANDO, FL, 32819"
671,"STRABANE SQ 355 WASHINGTON RD, WASHINGTON, PA, 15301"
674,"7100 WEST RAY ROAD, CHANDLER, AZ, 85226"
675,"5750 MACCORKLE AVE SE, CHARLESTON, WV, 25304"
676,"2501 SHELIA LANE, RICHMOND, VA, 23225"
677,"101 CLEVELAND CROSSING DRIVE, GARNER, NC, 27529"
678,"935 MARKETPLACE BLVD, CUMMING, GA, 30041"
679,"103 SOUTH RED BANK ROAD, EVANSVILLE, IN, 47712"
680,"2350 WEST ROOSEVELT BLVD, MONROE, NC, 28110"
681,"1521 NORTH LOOP WEST, HOUSTON, TX, 77008"
682,"5084 SOUTHPORT SUPPLY RD SE, SOUTHPORT, NC, 28461"
684,"31140 VAN DYKE AVENUE, WARREN, MI, 48093"
685,"2741 BROADWAY STREET, PEARLAND, TX, 77581"
686,"1030 N GLYNN ST, FAYETTEVILLE, GA, 30214"
687,"4401 POUNCEY TRACT ROAD, GLEN ALLEN, VA, 23060"
688,"7990 WEST OVERLAND ROAD, BOISE, ID, 83709"
689,"5510 S IH 35, AUSTIN, TX, 78745"
690,"3700 SANGANI BLVD., DIBERVILLE, MS, 39540"
691,"5300 CAMPBELL BLVD., BALTIMORE, MD, 21236"
692,"1345 CENTENNIAL AVE., PISCATAWAY, NJ, 08854"
693,"610 WINFIELD DUNN PKWY, SEVIERVILLE, TN, 37876"
694,"300 NORTH 46TH ST., ROGERS, AR, 72756"
695,"4200 24TH AVE., FORT GRATIOT, MI, 48059"
696,"2150 MINTON RD., MELBOURNE, FL, 32904"
697,"940 CONCORD PARKWAY NORTH, CONCORD, NC, 28027"
698,"1836 US HIGHWAY 78 EAST, OXFORD, AL, 36203"
700,"1603 EAST MAIN STREET, LINCOLNTON, NC, 28092"
701,"2003 W US HIGHWAY 421, WILKESBORO, NC, 28697"
702,"10440 CAMPUS WAY SOUTH, UPPER MARLBORO, MD, 20774"
703,"4100 NORTHWEST FEDERAL HWY, JENSEN BEACH, FL, 34957"
704,"3651 TURTLE CREEK DR, CORAL SPRINGS, FL, 33067"
705,"6651 DIXIE HWY., LOUISVILLE, KY, 40258"
706,"1600 LINCOLN WAY E, CHAMBERSBURG, PA, 17202"
707,"1059 COMMONWEALTH BLVD, MARTINSVILLE, VA, 24112"
708,"888 HEBRON ROAD, HEATH, OH, 43056"
709,"4708 PORTSMOUTH BLVD., CHESAPEAKE, VA, 23321"
710,"3580 PEACHTREE PARKWAY, SUWANEE, GA, 30024"
711,"1465 POLARIS PARKWAY, COLUMBUS, OH, 43240"
712,"3301 DENNY AVENUE, PASCAGOULA, MS, 39581"
713,"1801 S TELEGRAPH RD, BLOOMFIELD HILLS, MI, 48302"
714,"1440 SOUTH HIGLEY ROAD, MESA, AZ, 85206"
715,"6750 RICHMOND HIGHWAY, ALEXANDRIA, VA, 22306"
716,"5500 COMMONWEALTH BLVD, TALLAHASSEE, FL, 32303"
717,"161 FRANKLIN PLAZA, FRANKLIN, NC, 28734"
718,"2526 EAST STONE DRIVE, KINGSPORT, TN, 37660"
719,"45075 WORTH AVENUE, CALIFORNIA, MD, 20619"
720,"19 TEXAS STATION COURT, TIMONIUM, MD, 21093"
721,"13750 SOUTH BLACKBOB RD., OLATHE, KS, 66062"
1723,"6659 GEORGE WASHINGTON MEM. HWY., GLOUCESTER, VA, 23061"
2235,"1201 W. US HIGHWAY 380 BUSINESS, DECATUR, TX, 76234"
2413,"1945 BARTON STREET, HAMILTON, ON, 00000"
2492,"215 HENRY STREET, BRANTFORD, ON, 00000"
2493,"10111 HEART LAKE ROAD, BRAMPTON, ON, 00000"
2631,"370 KENNEDY ROAD SOUTH, BRAMPTON, ON, 00000"
2632,"200 MCNAUGHTON ROAD, VAUGHAN, ON, 00000"
2633,"800 WARDEN AVENUE, TORONTO, ON, 00000"
2640,"1300 CASTLEFIELD AVENUE, TORONTO, ON, 00000"
2641,"1335 FANSHAWE PAR WEST, LONDON, ON, 00000"
2642,"18401 YONGE STREET, EAST GWILLIMBURY, ON, 00000"
2872,"219 MILLENNIUM PARKWAY, BELLEVILLE, ON, 00000"
2888,"4005 GARRARD ROAD, WHITBY, ON, 00000"
2889,"345 THE BOARDWALK, WATERLOO, ON, 00000"
2922,"1035 GARDINERS ROAD, KINGSTON, ON, 00000"
2934,"71 BRYNE DRIVE, BARRIE, ON, 00000"
2952,"10141 - 13 AVENUE NW, EDMONTON, AB, 00000"
2953,"13417 52 STREET SE, CALGARY, AB, 00000"
2971,"100 PORTIA DRIVE, ANCASTER, ON, 00000"
3007,"261199 CROSSIRON BLVD #300, ROCKY VIEW, AB, 00000"
3008,"5577 HAZELDEAN ROAD, OTTAWA, ON, 00000"
3009,"3828 INNES ROAD, OTTAWA, ON, 00000"
3010,"1848 PROVINCIAL ROAD, WINDSOR, ON, 00000"
3056,"1085 TANAKA COURT, NEW WESTMINSTER, BC, 00000"
3059,"2909 SUNRIDGE WAY NE, CALGARY, AB, 00000"
3066,"1390 QUINN DRIVE, SARNIA, ON, 00000"
3092,"7959 MCLEOD ROAD, NIAGARA FALLS, ON, 00000"
3096,"1604 THE QUEENSWAY, TORONTO, ON, 00000"
3097,"100 EDGELEY BOULEVARD, VAUGHAN, ON, 00000"
3158,"3421 158 AVE NW, EDMONTON, AB, 00000"
3162,"5348 MAVIS ROAD, MISSISSAUGA, ON, 00000"
3163,"125 BETTS AVENUE, SASKATOON, SK, 00000"
3201,"1899 BROCK ROAD, PICKERING, ON, 00000"
3208,"4555 GORDON ROAD, REGINA, SK, 00000"
3211,"10225 186 STREET NORTH WEST, EDMONTON, AB, 00000"
3230,"3849 MAYOR MAGRATH DR S, LETHBRIDGE, AB, 00000"
UATStore,"1000 Lowe's Blvd, Mooresville, NC, 28117"
